{
  "accuracy": 0.4279379157427938,
  "precision": 0.6237925315484631,
  "recall": 0.4279379157427938,
  "f1": 0.47426605294804597,
  "per_class_metrics": {
    "precision": [
      0.856,
      0.4777777777777778,
      0.18032786885245902,
      0.18867924528301888
    ],
    "recall": [
      0.4349593495934959,
      0.3805309734513274,
      0.4647887323943662,
      0.47619047619047616
    ],
    "f1": [
      0.5768194070080862,
      0.4236453201970443,
      0.25984251968503935,
      0.2702702702702703
    ],
    "support": [
      246,
      113,
      71,
      21
    ]
  },
  "confusion_matrix": [
    [
      107,
      13,
      114,
      12
    ],
    [
      6,
      43,
      36,
      28
    ],
    [
      11,
      24,
      33,
      3
    ],
    [
      1,
      10,
      0,
      10
    ]
  ],
  "classification_report": "              precision    recall  f1-score   support\n\n        nose       0.86      0.43      0.58       246\nvocal-throat       0.48      0.38      0.42       113\n         ear       0.18      0.46      0.26        71\n      throat       0.19      0.48      0.27        21\n\n    accuracy                           0.43       451\n   macro avg       0.43      0.44      0.38       451\nweighted avg       0.62      0.43      0.47       451\n",
  "class_names": [
    "nose",
    "vocal-throat",
    "ear",
    "throat"
  ],
  "num_test_cases": 451,
  "successful_predictions": 451
}