{
  "rsna_zero_shot": {
    "accuracy": 0.7317299103450557,
    "top_1_accuracy": 0.7317299246788025,
    "top_2_accuracy": 1.0,
    "precision": 0.7384253895447318,
    "recall": 0.7753861185162324,
    "f1": 0.7240832963786068,
    "predictions": "[1 1 1 ... 0 0 0]",
    "labels": "[1 1 1 ... 0 0 0]",
    "logits": "[[0.30863857 0.3833111 ]\n [0.30863857 0.3833111 ]\n [0.38132262 0.38356656]\n ...\n [0.4419014  0.4048117 ]\n [0.4490379  0.38527924]\n [0.43416724 0.39027208]]"
  }
}