{
  "accuracy": 0.6666666666666666,
  "precision": 0.6903304773561811,
  "recall": 0.6666666666666666,
  "f1": 0.6270420004492027,
  "per_class_metrics": {
    "precision": [
      0.7209302325581395,
      1.0,
      0.3333333333333333,
      0.0
    ],
    "recall": [
      1.0,
      0.35714285714285715,
      0.2222222222222222,
      0.0
    ],
    "f1": [
      0.8378378378378378,
      0.5263157894736842,
      0.26666666666666666,
      0.0
    ],
    "support": [
      31,
      14,
      9,
      3
    ]
  },
  "confusion_matrix": [
    [
      31,
      0,
      0,
      0
    ],
    [
      3,
      5,
      3,
      3
    ],
    [
      7,
      0,
      2,
      0
    ],
    [
      2,
      0,
      1,
      0
    ]
  ],
  "classification_report": "              precision    recall  f1-score   support\n\n        nose       0.72      1.00      0.84        31\nvocal-throat       1.00      0.36      0.53        14\n         ear       0.33      0.22      0.27         9\n      throat       0.00      0.00      0.00         3\n\n    accuracy                           0.67        57\n   macro avg       0.51      0.39      0.41        57\nweighted avg       0.69      0.67      0.63        57\n",
  "class_names": [
    "nose",
    "vocal-throat",
    "ear",
    "throat"
  ],
  "num_test_cases": 57,
  "successful_predictions": 57
}