{
  "accuracy": 0.8514412416851441,
  "precision": 0.8705637353422976,
  "recall": 0.8514412416851441,
  "f1": 0.8511538216002742,
  "per_class_metrics": {
    "precision": [
      1.0,
      0.8296296296296296,
      0.7291666666666666,
      0.05263157894736842
    ],
    "recall": [
      0.8170731707317073,
      0.9911504424778761,
      0.9859154929577465,
      0.047619047619047616
    ],
    "f1": [
      0.8993288590604027,
      0.9032258064516129,
      0.8383233532934131,
      0.05
    ],
    "support": [
      246,
      113,
      71,
      21
    ]
  },
  "confusion_matrix": [
    [
      201,
      2,
      25,
      18
    ],
    [
      0,
      112,
      1,
      0
    ],
    [
      0,
      1,
      70,
      0
    ],
    [
      0,
      20,
      0,
      1
    ]
  ],
  "classification_report": "              precision    recall  f1-score   support\n\n        nose       1.00      0.82      0.90       246\nvocal-throat       0.83      0.99      0.90       113\n         ear       0.73      0.99      0.84        71\n      throat       0.05      0.05      0.05        21\n\n    accuracy                           0.85       451\n   macro avg       0.65      0.71      0.67       451\nweighted avg       0.87      0.85      0.85       451\n",
  "class_names": [
    "nose",
    "vocal-throat",
    "ear",
    "throat"
  ],
  "num_test_cases": 451,
  "successful_predictions": 451
}